Scheme Name,Scheme Slug,Level,State / UT / Ministry,Eligibility Criteria,Eligibility (General),Exclusions / Ineligibility,Benefits,Documents Required,Frequently Asked Questions (FAQs),Application Process,Official Link,MyScheme URL
AICTE-Swanath Scholarship Scheme For Students,aicte-ssss,Central Government,Ministry of Education,"The candidate should be one of the following: (i) an orphan, OR (ii) whose either or both parents died due to Covid 19, OR (iii) Ward of Armed Forces and Central Paramilitary Forces martyred in action (Shaheed).The family income from all sources should not be more than ₹8,00,000 per annum during the financial year of the application. The candidate should be currently studying in the AICTE Approved institutions and courses at the Degree/Diploma level in regular mode (in 1st /2nd / 3rd /4th year). The candidate should NOT be Recipient of any of the Central Govt. / State Govt. / AICTE Sponsored scholarships.
Exclusions / Ineligibility:
Candidates who are Recipients of any of the Central Govt. / State Govt. / AICTE Sponsored scholarships, will be ineligible.","The candidate should be one of the following: (i) an orphan, OR (ii) whose either or both parents died due to Covid 19, OR (iii) Ward of Armed Forces and Central Paramilitary Forces martyred in action (Shaheed).The family income from all sources should not be more than ₹8,00,000 per annum during the financial year of the application. The candidate should be currently studying in the AICTE Approved institutions and courses at the Degree/Diploma level in regular mode (in 1st /2nd / 3rd /4th year). The candidate should NOT be Recipient of any of the Central Govt. / State Govt. / AICTE Sponsored scholarships.","Candidates who are Recipients of any of the Central Govt. / State Govt. / AICTE Sponsored scholarships, will be ineligible.","NUMBER OF SCHOLARSHIPSA maximum of 2000 scholarships (1000 for Degree Students and 1000 for Diploma Students) will be awardedevery year to eligible candidates as above. AMOUNT OF SCHOLARSHIPRs. 50,000.00 per annum for every year of study i.e. maximum 4 years duration for the first year admitted Degree students and maximum 3 years for Diploma Students as lump sum amount towards payment of college fee, purchase of computer, stationeries, books, equipment, software, etc. No other additional grant will be payable in lieu of hostel charges, medical charges, etc. In case the student is currently studying in the 2nd /3rd/4th year at degree level the duration of the scholarship will be reduced to 3/2/1 year respectively. Similarly, for students currently studying in the 2nd /3rd year at diploma level, the duration of the scholarship will be reduced to 2/1 year respectively.","• A. For Orphan Candidates:(i) Death Certificates of both Father & Mother (if
• available), OR a certificate issued by Tehsildar / SDM as per enclosed format (Annexure - I).(ii) Bonafide Certificate issued by the
• institution.(iii) 10+2 / equivalent and 10th Mark sheet for Degree Level(iv) 10th /equivalent Mark sheet for Diploma Level(v) Category
• Certificate (SC/ST/OBC
• NCL) B. For Candidates whose either or both Parents Died due to Covid 19:(i) Death Certificate of
• Father/Mother or both explicitly mentioning that the death was due to Covid
• 1
• (ii) If one parent (Father or Mother) is alive, the current
• year income certificate, explicitly mentioning that income of the family is less than ₹8,00,000 (issued by the Competent Authority).(iii)
• Bonafide Certificate issued by the institution.(iv) 10+2/equivalent and 10th Mark sheet for Degree Level(v) 10th /equivalent Mark sheet
• for Diploma Level(vi) Category Certificate (SC/ST/OBC
• NCL) C. For Wards of Armed Forces and Central Paramilitary Forces
• martyred in action (Shaheed)(i) Death Certificate.(ii) Shaheed Certificate issued by the Armed Forces/ Central Paramilitary Forces(iii)
• Bonafide Certificate issued by the institution.(iv) 10+2/equivalent and 10th Mark sheet for Degree Level(v) 10th /equivalent Mark sheet
• for Diploma Level(vi) Current year income certificate, explicitly mentioning that income of family less than ₹8,00,000, issued by
• Competent Authority.(vii) Category Certificate (SC/ST/OBC
• NCL)","Q: What shall be the maximum duration of the scholarship?
A: Maximum of 4 years duration for first year admitted Degree students and maximum of 3 years for Diploma Students. However, if a student is currently studying in the 2nd /3rd/4th year at degree level the duration of the scholarship will be reduced to 3/2/1 year respectively. Similarly, for students currently studying in the 2nd /3rd year at diploma level the duration of the scholarship will be reduced to 2/1 year respectively. I Am Degree/Diploma Student And Recipient Of One Of The Merit Scholarships Of Centre / State Government.

Q: Am I Eligible To Apply For SWANATH Scholarship?
A: NO. Students who are already in receipt of any of the scholarships (Central Govt. / State Govt. / AICTE Sponsored), are not eligible to apply for SWANATH Scholarships. I Am First Year B.E Student Along With Beneficiary Of PMSSS Scheme Studying In One Of The Leading Engineering College Having Eligibility For SWANATH Scholarship.

Q: Am I Eligible To Apply For SWANATH Scholarship?
A: NO. You are not eligible, since you are already in receipt of one of the Scholarships of Government of India.

Q: What Are The Reasons Of Rejection Of Category Certificate?
A: Followings may be the reasons
• Category certificate is not issued by Distt. Magistrate / Deputy Commissioner / SDM / Tehsildar.
• Category certificate is not issued in the name of applicant.
• Irrelevant document attached in place of category certificate.
• Copy of category certificate is blurred.
• Wrong category certificate uploaded i.e. student mentioned in application that he belongs to SC but category certificate submitted of OBC.

Q: What Are The Reasons Of Rejection Of Annual Family Income Certificate?
A: Followings may be the reasons
• Annual family income certificate of current year is not submitted.
• Annual family income certificate is not in the name of applicant or any his/her family member.
• Submitted Annual family income certificate issued by other than competent authority (Tehshildar, Magistrate, Revenue officer/Block Development officer etc.).
• Annual family income certificate submitted without signature/stamp of the competent authority. Is There Any E-Mail (Or) Helpline No.

Q: For SWANATH Scholarship Queries?
A: YES. You can avail helpline services on consultant2stdc@aicte-india.org & 011-29581118 for any queries. Whom To Contact In Case Of Any

Q: Difficulties In Accessing The Portal For Submitting Online Application?
A: You can avail Helpdesk Service on helpdesk@nsp.gov.in for any queries.

Q: Is AADHAAR Card A Mandatory Document For SWANATH Scholarship?
A: ns: Yes. Aadhaar card and Aadhaar seeded bank account in the name of candidate is mandatory for submitting online application under SWANATH scheme. What Is The Mode Of

Q: Disbursement Of Scholarship?
A: Scholarship will be disbursed only through Direct Benefit Transfer (DBT) in the bank account of the student by AICTE. Student must have General Saving Account in his / her name (FRILL/Minor/Joint account will not beaccepted).","Mode: OnlineStep 1: Go to Official Website. Guidelines for Registration will appear. Scroll to the bottom. Read carefully the undertaking. Accept the Terms. Click ""Continue"".Step 2: A Registration Form will appear. (The fields marked as * are compulsory) Fill in the details: State of domicile, Scholarship Category, Name of the Student, Scheme Type, Date of Birth, Gender, Mobile Number, Email ID, Bank Details, and Identification Details. Click ""Register"". Your Application ID and password will be displayed. The same will also be sent as an SMS on your registered mobile number.Step 3: Go to the Official Website. Click on ""Login to Apply"". Enter your Application ID and password. Type the Captcha and click ""Login"".On the next screen, provide the OTP received on your registered mobile number. You will be directed to the Password Reset screen. Create a new password and confirm. Click ""Submit"". You will be directed to the ""Applicant's Dashboard"".Step 4: On the left pane, click ""Application Form"". The fields marked as * are compulsory. Fill in the details and upload the documents. You can either click on ""Save as Draft"" to complete the application later. Else, click ""Final Submit"" to submit the application. After successful submission of the application form, an application ID and password will be generated which can be used for future references. NoteAll the applicants are advised to fill out the form correctly, no changes can be made once submitted. The applicants are also advised to fill in only one application as multiple applications will cancel the form.",https://www.myscheme.gov.in/schemes/aicte-ssss,https://www.myscheme.gov.in/schemes/aicte-ssss
Central Sector Scheme Of Scholarship For College And University Students,csss-cus,Central Government,Ministry of Education,"The applicant must be above the 80th percentile of successful candidates in the relevant stream from the respective Board of Examination in Class 12th of 10+2 pattern or equivalent. The applicant must be pursuing regular degree courses and not correspondence or distance mode or pursuing Diploma courses. The applicant must be pursuing courses at colleges/institutions recognized by the All India Council for Technical Education and respective Regulatory Bodies concerned. The applicant must not be the availing benefit of any other scholarship schemes including State-run scholarship schemes/ fee waivers & reimbursement schemes. The gross parental/family income of the applicant should not exceed ₹4,50,000 per annum. For renewal of scholarship in each year of study, besides getting at least 50% marks in the Annual Examination, maintenance of adequate attendance of at least 75%, will also be the criteria. Note: Students changing his/ her college/institute of study will be allowed to continue/renew the scholarship provided the course of study and the institution is having valid AISHE Code; The AISHE code can be checked in the portal:
https://aishe.gov.in/aishe/aisheCodeRESERVATION - Students belonging to reserved categories/weaker sections /minorities etc. are eligible to get the benefit of reservation on the basis of merit, subject to Central Reservation Policy [i.e. 15% seats are earmarked for SCs, 7.5% for STs, and 27 % for OBCs and 5% horizontal reservation for Persons with Disabilities (PwDs) in all the categories].The Central Reservation Policy will be applicable in filling the slots against each year's target. If slots under a specific group are not filled after considering all the States/UTs, the vacant slots will be allocated to other categories so that the maximum number of eligible students can get the benefit, subject to the overall ceiling of slots.
Exclusions / Ineligibility:
Students who are pursuing correspondence or distance mode or pursuing Diploma courses. Students who are already availing the benefit from any other scholarship schemes including State run scholarship schemes/ fee waiver & reimbursement schemes.","The applicant must be above the 80th percentile of successful candidates in the relevant stream from the respective Board of Examination in Class 12th of 10+2 pattern or equivalent. The applicant must be pursuing regular degree courses and not correspondence or distance mode or pursuing Diploma courses. The applicant must be pursuing courses at colleges/institutions recognized by the All India Council for Technical Education and respective Regulatory Bodies concerned. The applicant must not be the availing benefit of any other scholarship schemes including State-run scholarship schemes/ fee waivers & reimbursement schemes. The gross parental/family income of the applicant should not exceed ₹4,50,000 per annum. For renewal of scholarship in each year of study, besides getting at least 50% marks in the Annual Examination, maintenance of adequate attendance of at least 75%, will also be the criteria. Note: Students changing his/ her college/institute of study will be allowed to continue/renew the scholarship provided the course of study and the institution is having valid AISHE Code; The AISHE code can be checked in the portal:
https://aishe.gov.in/aishe/aisheCodeRESERVATION - Students belonging to reserved categories/weaker sections /minorities etc. are eligible to get the benefit of reservation on the basis of merit, subject to Central Reservation Policy [i.e. 15% seats are earmarked for SCs, 7.5% for STs, and 27 % for OBCs and 5% horizontal reservation for Persons with Disabilities (PwDs) in all the categories].The Central Reservation Policy will be applicable in filling the slots against each year's target. If slots under a specific group are not filled after considering all the States/UTs, the vacant slots will be allocated to other categories so that the maximum number of eligible students can get the benefit, subject to the overall ceiling of slots.",Students who are pursuing correspondence or distance mode or pursuing Diploma courses. Students who are already availing the benefit from any other scholarship schemes including State run scholarship schemes/ fee waiver & reimbursement schemes.,"Rate of Scholarship:₹12,000/-per annum at the Graduation level for the first three years of College and University courses.₹ 20,000 per annum at the PostGraduation level. Students pursuing professional courses, in case, where the duration of the course is five (5) years/Integrated course will get ₹20,000/-per annum in the 4th and 5th year. Students pursuing technical courses such as B.Tech, B.Engg. will get scholarship up to graduation level only i.e. ₹12,000 p.a. for 1st, 2nd, and 3rd year and ₹20,000 in the 4th year. Payment of Scholarship: Students are required to have their bank accounts opened, especially, in their names for availing of the benefits under the scheme. The scholarship will be disbursed directly into the savings bank accounts of the beneficiaries through Direct Benefit Transfer (DBT) mode. The student can track their payment status from the template ""Know Your Payment"" in the Public Financial Management System (PFMS) portal [ https://pfms.nic.in/Users/LoginDetails/Login.aspx] either by indicating Aadhaar number or bank account number or NSP Application ID.","• Bank Passbook for filling in bank
• detailsAadhaar NumberParental Income Certificate An e
• mail ID Caste Certificate wherever required Disability Certificate wherever
• required.","Q: What is the Methodology Adopted For Generating Merit List For Selecting The Beneficiaries Under The Scheme?
A: From the eligible applicants, a merit list is drawn based on gender (50 boys: 50 girls), stream (3-Science: 2-Commerce: 1-Humanities), Category (SC-15 % / ST-7.5 % and OBC-27 % ), and 3 % horizontal Reservation is provided for Persons with Disabilities (PwDs) from individual State Education Boards. The total scholarship slots are restricted to the allocated quota earmarked for individual Boards as per the scheme guidelines.

Q: What Is The Rate Of Scholarship Under The Scheme?
A: The rate of scholarship is Rs. 10000/- per annum at the Graduation level for the first three years of College and University courses and Rs. 20000/- per annum at the Post-Graduation level. Students pursuing professional courses are paid Rs. 20,000/- per annum in the 4th and 5th years.

Q: What Is The Duration Of Scholarships And Criteria For Renewal Under The Scheme?
A: The scholarship is renewed from year to year up to Post Graduate level in the same stream. For all professional courses, and scholarships will be renewed till the Graduation level. For all the courses the scholarship would be renewed up to a maximum of five (5) years. The renewal of scholarship is further subject to the student meeting the following criteria:- (i) Secured 60 % or more marks for the two preceding semesters or annual examination which determines his/her promotion to the next class, (ii) maintenance of attendance of at least 75 % by the scholars and (iii) maintenance of discipline i.e. the scholars should not have been involved in any ragging activities.

Q: What Is The Methodology For Disbursement Of Scholarship Under The Scheme?
A: The scholarship is disbursed through Direct Benefit Transfer (DBT) mode i.e. directly into the bank accounts of the beneficiary. To have seamless disbursal of scholarships, students are required to seed the Aadhaar with the bank account as mentioned in the application form. What Precautions Are To Be Exercised While Selecting The Institution From The

Q: Drop Down Menu?
A: Data of only those institutions which have the AISHE (All India Survey of Higher Education) Code is available on the National Scholarship Portal. The student is required to select the correct institution because once the application is submitted, the institution's name cannot be changed on the NSP. Institutions which does not have the AISHE code can also have to obtain the AISHE Code. Institutions are required to visit the website: http://aishe.nic.in to apply for AISHE. User ID and Password is required by the institutions for verifying the applications on NSP.What Are The Documents That Are Required To Be Uploaded For Applying And

Q: Verification?
A: No documents are required to be uploaded at the time of online application, on the National Scholarship Portal. However, it must be kept ready which would be required at the time of verification by the institutions. What Instructions Should Be Followed By

Q: Students While Filling Up Bank Account Details?
A: (i) The bank account should be in the student's name. (ii) Students must select their bank/branch name carefully from the drop-down list. (iii) Thereafter the complete account number must be entered correctly. (Any variation in the bank account number will be subject to rejection). (iv) Bank Account holders must check their 'Know your Customer' (KYC) status from bank and if required the KYC must be done for successful transaction of scholarship amount. (v) Bank Account must be operational /active. (vi) Bank Account must be preferably in any Nationalized Bank with core banking facility. What Is

Q: UID Number/Aadhaar Number?
A: UID number otherwise known as 'Aadhaar' number is Unique Identification Number given by Unique Identification Authority of India (UIDAI). The Aadhaar Number should be seeded with the Bank Account in which Scholarship Amount is desired to be transferred. For this the concerned Bank may be contacted with a copy of the Aadhaar card.

Q: What Is A Temporary ID?
A: Temporary ID (TID) is only a reference number provided to the applicants as a token of their registration in the online database.

Q: Is There Any Permanent ID?
A: Yes. A Permanent ID (PID) will be provided to the candidate once his/her application is submitted online. It will be conveyed to candidates through SMS and e-mail. Students should remember their PID as it will be required at the time of renewal application. Receipt of PID does not guarantee award of scholarship. What Should I Do If I Forget My Temporary

Q: ID/Permanent ID?
A: The process of re-collection of the Temporary/Permanent id is given as below: ""Student login-->Forgot

Q: Registration Details?
A: "" then enter the basic fields accordingly and click on the button ""Get Registration details"".How Should I

Q: Check The Status Of My Application Online?
A: You have to login under the option 'Student Login' by entering your Permanent ID and Date of Birth. After login, you will be able to view the option 'Check Your Status'. Under this option you can check your online application status.

Q: How Do I Know The Name And Address Of Nodal Officers My State Education Board/CBSE/CISCE?
A: The name and contact details of the Nodal Officer of the State Education Boards/CBSE/CISCE are available under the link of Department of Higher Education (Central Sector Scheme of Scholarship for College and University Students), ""Services"" on the home page of National Scholarship Portal (NSP).

Q: Where To Lodge Complaints/Queries/Grievances Regarding Scholarship Application?
A: Technical complaints regarding working of the portal/ processing of online application/verification status, etc. may be addressed to the Helpdesk of National Scholarship Portal at (e-mail: dhe@nsp.gov.in or Tel: 0120-6619540). Queries/requests regarding scheme guidelines, eligibility, etc. may be addressed to the concerned State Education Board as well as this Ministry (e-mail: csssgre@gmail.com or Tel:
011-26172491 & 26165238). Grievances regarding non-receipt of fresh/renewal scholarship under Ministry of HRD's ""Central Sector Scheme of Scholarship for College and University Students"" may be registered on the following link http://pgportal.gov.in/grievancenew.aspx","Mode: Online Procedure for Application: The applications are received online only. Verification of credentials of the students like caste, educational qualifications, etc. is done through the DIGILOCKER facility of the MeitY, Govt. of India. National Scholarships Portal (NSP) (www.scholarships.gov.in) will provide the timelines for opening & closing of the portal. The Guidelines for application, verification, selection, and disbursement of the scholarship will be as per the NSP.A selection list would be generated/displayed on NSP.Online applications will be verified at two levels i.e by the Institute, where the student is studying, and thereafter by the concerned State Higher Education Department or any other Agency/ Official nominated by the State as State NodalAgency (both for fresh and renewal applicants).The latest guideline on Timelines will be made available on NSP.Students will not be permanently debarred for scholarships due to delays to renew or verification. However, students will have to submit renewal applications within a cut-off date. Renewal for that year will not be allowed if an applicant misses this deadline. Grievance Redressal: In case of any grievances/complaints regarding the above scheme, the same may be registered to the following link: http://pgportal.gov.in/grievancenew.aspxother than to the Nodal Officer whose email is available on the NSP portal (Services Tab).Contact us: Section OfficerNational Scholarship DivisionDepartment of Higher Education, Ministry of Education,West Block 1, 2nd Floor, Wing 6, Room No. 6,R. K. Puram, Sector 1, New Delhi
• 110066. Tele: 011- 20862360E-mail: es3.edu@nic.in",https://pfms.nic.in/Users/LoginDetails/Login.aspx],https://www.myscheme.gov.in/schemes/csss-cus
National Means-Cum-Merit Scholarship Scheme,nmmss,Central Government,Ministry of Education,"For Fresh Applications: The parental income of the applicant (from all sources) should be ₹3,50,000 per annum. The applicant must be studying as a regular student and entering class 9th in a government, Government-aided, local body school. A separate examination shall be conducted by the State Governments/UT Administrations for the selection of students for the award of the National Means-cum-Merit Scholarships in the States/UTs. The students shall have a minimum of 55 % marks or equivalent grade in Class 7th examination for appearing in selection test conducted during class 8th for the award of scholarship (relaxable by 5% for SC/ST students).Procedure for Selection of Awardee Students: Each State/UT will conduct its own test at the stage of class 8th for the selection of students. The State Level Examination may consist of the following two tests: 1) Mental Ability Test (MAT), 90 minutes duration: 90 multiple-choice questions testing verbal and non-verbal meta-cognitive abilities like reasoning and critical thinking. The questions in the test may be on analogy. classification. numerical series, pattern perception, hidden figure, etc.
• 2) Scholastic Aptitude Test (SAT), 90 minutes duration: 90 multiple-choice questions covering subjects namely, science, social studies, and mathematics as taught in classes 7th and 8th. For selecting the students, the following conditions shall apply: The students must pass both MAT and SAT with at least 40 % marks in aggregate taken together for these two tests. For the SC/ST students, this cut-off will be 32% marks. At the time of selection for the award of scholarship, the student must have scored at least 55% mark or equivalent grade in the Class 8th examination. There will be 5 % relaxation for SC/ST students. The awardees should satisfy the other eligibility conditions mentioned in the scheme. Note: An awardee is eligible for the scholarship provided he/she:(i) takes up studies in approved courses.(ii) maintains good conduct as certified by the Head of the College/Institution and continues his/her studies as a regular student in a government/Government aided/ Local Body school.(iii) does not absent himself/herself without proper leave.(iv) takes up studies on a whole-time basis. The scheme will provide reservations to different categories of students as per the State/UT norms; as different States/UTs have their own norms of reservation. A student can avail of only one Scholarship under any Central Government Scholarship scheme. The awardees will be required to open bank accounts preferably in SBI, any public sector bank, or any scheduled bank which has a core banking facility. No claim for scholarship arrears will be entertained after the expiry of 12 months of the academic session for which one has applied for the claim. In case any awardee leaves his/her course of study within one month of registration/admission, no scholarship shall be paid to him/her. In case the student is not able to appear at the annual examination due to serious illness, he/she should send the medical certificate to the Head of the Institution within three months of his/her falling ill. The duration of illness should be clearly certified by a specialist, who is a Registered Medical Practitioner. The facility will be available to the student to continue the same course in which one is studying provided the principal or the head of the institution certifies that the overall performance of the student during the year has been very good. The student must join the next class/desired course within 3 months of the declaration of the result of the previous class/course. The scholarship shall be deemed to be discontinued if any gap of one academic session arises in studies at any time due to any reason. Scholarship once discontinued on the basis of the rules of disbursement of scholarship cannot be revived under any circumstances. All rules are subject to change from time to time, as and when required, which will be binding on all awardees. For Renewal Applications: The awardees should get a minimum of 60% marks in Class 10th for the continuation of the scholarship (relaxable by 5% for SC/ST candidates) in the next higher classes. For continuing the scholarship in class 10th and 12th, the awardees should get clear promotion from class 9th to class 10th and from class 11th to class 12th in the first attempt. Note: The awardees should get clear promotion from class 8th to Class 9th for being eligible for starting the scholarship, as indicated above. The scholarship at the Secondary and Higher Secondary stage or equivalent classes 9th to 12th is payable for a maximum period of four years for studies in India only. For continuing the scholarship in class 10th and 12th, the awardees should get clear promotion from class 9th to class 10th and from class 11th to class 12th in the first attempt. The awardees must obtain a minimum of 60% marks in the Class 10th examination (relaxable by 5% for SC/ST students) or equivalent examination for continuation of the scholarship at the higher secondary stage. In case an institution/school does not conduct an examination at the end of Class 9th and/or Class 11th, the scholarship for the second year will be continued on the submission of a certificate to this effect from the Head of the Institution/School.
Exclusions / Ineligibility:
The students studying in ""Kendriya Vidyalayas and Jawahar Navodaya Vidyalayas"" are not entitled to get scholarships under this scheme. Those students studying in Residential Schools run by the Centre/ State Government Institutions, where facilities like boarding, lodging, and education are provided and students studying in private schools are also not eligible for the scholarship under the scheme. No scholarship shall be available for studies abroad for any course. No scholarship at this stage is payable for studying diploma/certificate level courses.","For Fresh Applications: The parental income of the applicant (from all sources) should be ₹3,50,000 per annum. The applicant must be studying as a regular student and entering class 9th in a government, Government-aided, local body school. A separate examination shall be conducted by the State Governments/UT Administrations for the selection of students for the award of the National Means-cum-Merit Scholarships in the States/UTs. The students shall have a minimum of 55 % marks or equivalent grade in Class 7th examination for appearing in selection test conducted during class 8th for the award of scholarship (relaxable by 5% for SC/ST students).Procedure for Selection of Awardee Students: Each State/UT will conduct its own test at the stage of class 8th for the selection of students. The State Level Examination may consist of the following two tests: 1) Mental Ability Test (MAT), 90 minutes duration: 90 multiple-choice questions testing verbal and non-verbal meta-cognitive abilities like reasoning and critical thinking. The questions in the test may be on analogy. classification. numerical series, pattern perception, hidden figure, etc.
• 2) Scholastic Aptitude Test (SAT), 90 minutes duration: 90 multiple-choice questions covering subjects namely, science, social studies, and mathematics as taught in classes 7th and 8th. For selecting the students, the following conditions shall apply: The students must pass both MAT and SAT with at least 40 % marks in aggregate taken together for these two tests. For the SC/ST students, this cut-off will be 32% marks. At the time of selection for the award of scholarship, the student must have scored at least 55% mark or equivalent grade in the Class 8th examination. There will be 5 % relaxation for SC/ST students. The awardees should satisfy the other eligibility conditions mentioned in the scheme. Note: An awardee is eligible for the scholarship provided he/she:(i) takes up studies in approved courses.(ii) maintains good conduct as certified by the Head of the College/Institution and continues his/her studies as a regular student in a government/Government aided/ Local Body school.(iii) does not absent himself/herself without proper leave.(iv) takes up studies on a whole-time basis. The scheme will provide reservations to different categories of students as per the State/UT norms; as different States/UTs have their own norms of reservation. A student can avail of only one Scholarship under any Central Government Scholarship scheme. The awardees will be required to open bank accounts preferably in SBI, any public sector bank, or any scheduled bank which has a core banking facility. No claim for scholarship arrears will be entertained after the expiry of 12 months of the academic session for which one has applied for the claim. In case any awardee leaves his/her course of study within one month of registration/admission, no scholarship shall be paid to him/her. In case the student is not able to appear at the annual examination due to serious illness, he/she should send the medical certificate to the Head of the Institution within three months of his/her falling ill. The duration of illness should be clearly certified by a specialist, who is a Registered Medical Practitioner. The facility will be available to the student to continue the same course in which one is studying provided the principal or the head of the institution certifies that the overall performance of the student during the year has been very good. The student must join the next class/desired course within 3 months of the declaration of the result of the previous class/course. The scholarship shall be deemed to be discontinued if any gap of one academic session arises in studies at any time due to any reason. Scholarship once discontinued on the basis of the rules of disbursement of scholarship cannot be revived under any circumstances. All rules are subject to change from time to time, as and when required, which will be binding on all awardees. For Renewal Applications: The awardees should get a minimum of 60% marks in Class 10th for the continuation of the scholarship (relaxable by 5% for SC/ST candidates) in the next higher classes. For continuing the scholarship in class 10th and 12th, the awardees should get clear promotion from class 9th to class 10th and from class 11th to class 12th in the first attempt. Note: The awardees should get clear promotion from class 8th to Class 9th for being eligible for starting the scholarship, as indicated above. The scholarship at the Secondary and Higher Secondary stage or equivalent classes 9th to 12th is payable for a maximum period of four years for studies in India only. For continuing the scholarship in class 10th and 12th, the awardees should get clear promotion from class 9th to class 10th and from class 11th to class 12th in the first attempt. The awardees must obtain a minimum of 60% marks in the Class 10th examination (relaxable by 5% for SC/ST students) or equivalent examination for continuation of the scholarship at the higher secondary stage. In case an institution/school does not conduct an examination at the end of Class 9th and/or Class 11th, the scholarship for the second year will be continued on the submission of a certificate to this effect from the Head of the Institution/School.","The students studying in ""Kendriya Vidyalayas and Jawahar Navodaya Vidyalayas"" are not entitled to get scholarships under this scheme. Those students studying in Residential Schools run by the Centre/ State Government Institutions, where facilities like boarding, lodging, and education are provided and students studying in private schools are also not eligible for the scholarship under the scheme. No scholarship shall be available for studies abroad for any course. No scholarship at this stage is payable for studying diploma/certificate level courses.","Under this scheme, 1,00,000 fresh scholarships @ Rs. 12,000/- per annum (₹1,000 per month) are awarded to meritorious students every year at the Class IX level, which can be continued up to Class 12th. The sanction of funds will be done from the Annual Budget Provision for releasing them to SBI, the implementing bank for the scheme for disbursal of scholarships, to students directly into their bank accounts by electronic transfer through Direct Benefit Transfer (DBT).The awardees will be required to open bank accounts preferably in SBI, any public sector bank, or any scheduled bank which has a core banking facility.","• Class
• 7th mark sheet (only from government schools) (compulsory) Caste CertificateIncome Certificate of Parents (compulsory) Disability
• CertificateDomicile Certificate","Q: Can I Apply Offline For The Scholarship?
A: No. You need to visit https://scholarships.gov.in/ to apply.

Q: Is There Any Application Fee?
A: No. The entire application process is completely free of cost. I Am A Renewal Applicant.

Q: Am I Allowed To Migrate To Another School During The Period Of The Academic Course?
A: No. Doing so may result in suspension or cancellation of the scholarship.

Q: Do I Need To Complete The Application In One Sitting?
A: No. You can save the application as draft and continue at a later time before the deadline.

Q: How Do I Track The Status Of My Application?
A: You can check the same anytime by visiting the Applicant Dashboard and clicking ""Track Status"" in the left pane. What Should Be The Type And Size

Q: Of The Documents To Be Uploaded?
A: The format should be.pdf or .jpeg. The size of each document should not be greater than 200 kb.

Q: How Do I Know If A Field In The Application Form Is Mandatory?
A: The mandatory fields have a red asterisk (*) mark at the end.","Mode: Online Keep ready the soft copies of the required documents.Step 1: Go to http://www.scholarships.gov.in/. and click ""New Registration"".Guidelines for Registration will appear. Scroll to the bottom. Read carefully the undertaking. Accept the Terms. Click ""Continue"".Step 2: A Registration Form will appear. (The fields marked as * are compulsory) Fill the details and click ""Register"". Your Application ID and password will be displayed. The same will also be sent as an SMS on your registered mobile number.Step 3: Go to https://scholarships.gov.in/fresh/newstdRegfrmInstruction Click on ""Login to Apply"". Enter your Application ID and password. Type the Captcha and click ""Login"".On the next screen, provide the OTP received on your registered mobile number. You will be directed to the Password Reset screen. Create a new password and confirm. Click ""Submit"". You will be directed to the ""Applicant's Dashboard"".Step 4: On the left pane, click ""Application Form"". The fields marked as * are compulsory. Fill the details and upload the documents. You can either click on ""Save as Draft"" to complete the application later. Else, click ""Final Submit"" to submit the application.",http://www.scholarships.gov.in/,https://www.myscheme.gov.in/schemes/nmmss
"PM-YASASVI: Post-Matric Scholarship for OBC, EBC and DNT Students",pm-yasasvipmsobcebcdnts,Central Government,Ministry of Social Justice and Empowerment,"The scholarships will be open to Indian nationals belonging to OBCs, EBCs, and DNTs, as notified by the Central Govt./State Govt./ UT Admin. These scholarships will be given for the study of all recognized post-matriculation or post-secondary courses pursued in recognized institutions as specified in para 3 of the Guidelines. Only those candidates who belong to OBCs/EBCs/DNTs so specified in relation to the State/UT to which the applicant actually belongs, i.e. permanently settled and who have passed the Matriculation or higher secondary or any higher examination of a recognized University or Board of Secondary Education will be eligible. Students studying in the XI Class of the Higher Secondary School courses or the XII class of the Multipurpose High School will not be eligible for it being a continuous school course. However, in cases, where the 10th Class examination of such courses is treated as equivalent to Matriculation and students who after passing the 10th Class join other courses, such students will be treated as post-matric students and will be eligible for the award of scholarships. Students pursuing Post-graduate courses in medicine will be eligible only if they are not allowed to practice during the period of their course. Students who after failing or passing the Under Graduate/Post-Graduate examinations in Arts/Science/Commerce join any recognized professional or Technical certificate/diploma/degree courses will be awarded scholarships if otherwise eligible. No subsequent failure will be condoned except for courses in Group '1' and no further change in the course will be allowed thereafter. Students, who pursue their studies through correspondence/online courses, are also eligible. The term correspondence includes distance and continuous education for courses in Central/State Universities only. Only two boys of the same parents/guardians will be entitled to receive scholarships. This restriction will, however, not apply to girls. Accordingly, scholarships availed by girls of the same parents/guardian will not adversely affect the admissibility of availing scholarships upto two boys of the same parents/guardian. A scholarship holder under this Scheme will not hold any other scholarship/stipend. If awarded any other scholarship/stipend, the student can exercise his/her option for either of the two Scholarships/stipends, whichever is more beneficial to him/her, and should inform the awarding authority through the Head of the Institution about the option made. No scholarship will be paid to the students under this Scheme from the date he/she accepts any other scholarships/ stipend. The student can, however, accept free lodging or a grant or ad-hoc monetary help from the State Government or any other source for the purchase of books, and equipment or for meeting the expenses on board and lodging, in addition to the scholarship amount paid under the Scheme. Scholarship holders who are receiving coaching in any of the pre-examination training centers with financial assistance from the Central Government/ State Government will not be eligible for a stipend under the coaching schemes for the duration of the coaching programme. The ceiling on the age limit for admission as regular students in different classes should be decided by concerned Institutions. Employed students whose income combined with the income of their parents/guardians does not exceed ₹2.50 lakhs per annum shall be eligible for post-matric scholarship. Unemployed students whose parents/guardians' income from all sources does not exceed ₹2.50 lakhs per annum will be entitled to the scholarship under the scheme. Note: Income Certificate is required to be taken once only; i.e. at the time of admission of courses, which are continuing for more than one year. Other Conditions for the Award: The scholarship is provided on the basis of satisfactory progress and conduct of the scholars. If it is reported by the Head of the Institution at any time that a scholar has, by reasons of his/her own act or default, failed to make satisfactory progress or has been guilty of misconduct such as resorting to or participating in strikes, irregularity in attendance without the permission of the authorities concerned, etc., the authority sanctioning the scholarships may either cancel the scholarship or stop or withhold further payment of scholarship for such period as it may think fit. If a student is found to have obtained a scholarship by false statement his/her scholarship will be cancelled forthwith and the amount of the scholarship paid will be recovered, at the discretion of the concerned State Government. The student concerned will be blacklisted and debarred for scholarship under any scheme forever. A scholarship awarded may be cancelled if the scholar changes the subject of the course of study for which the scholarship was originally awarded or changes the institution of study, without prior approval of the State Government. The Head of the Institution shall inform such cases to the scholar and stop payment of the scholarship money. The amount already paid may also be recovered at the discretion of the State Government. A scholar is liable to refund the scholarship amount at the discretion of the State Government, if during the course of the year, the studies for which the scholarship has been awarded, are discontinued by him/herDuration and Renewal of Awards: The award once made will be payable up to the completion of the course subject to satisfactory academic performance and attendance of 75% in every academic year. The attendance will be verified through an Aadhaar-based attendance System. If a scholar is unable to appear in the annual examination owing to illness, the award may be renewed subject to the production of a medical certificate from a prescribed authority and acceptance of the same by the institution /college. If, according to the Regulations of a University/Institution, a student is promoted to the next higher class even though he/she may not have actually passed in the lower class and is required to take an examination of the junior class again after some time, he/she will be entitled to scholarship for the class to which he/she is promoted if the student is otherwise eligible for scholarship. Further, in case a student fails in any class and then again joins the same class as a regular student, he/she will be eligible for a scholarship for one additional year or the actual period, whichever is lower. If a scholar pursuing a Group I course fails in the examination for the first time, the award may be renewed. For second and subsequent failures in any class, the student shall bear his/her own expenses until he/she secures promotion to the next higher class. The authentication through Aadhaar would be compulsory at the time of renewals, if not provided earlier at the time of admission. Eligibility of Educational Institutions: Scholarships will be given for the study of all recognized post-matriculation or postsecondary courses (Intermediate/Senior Secondary, Diploma, long-term Vocational Training Certificate, Graduate, Post Graduate courses, etc.) pursued in recognized Institutions/Universities/Colleges falling in any of the following 9 categories: Institutions of National Importance;Central University/State University/Autonomous colleges recognized by UGC and Universities/Colleges recognized under section 2(f) of the UGC Act;Deemed Universities;All Private Universities recognized by State/Centre;Private Professional Institutions affiliated with a recognized Central/State University and covered by a Fee Fixation Committee as mandated by the Supreme Court;Recognized schools/colleges for Classes XI and class XII;Diploma granting Institutions as recognized by State/UT Governments;Vocational Training Institutes affiliated to the National Council of Vocational Training (NCVT);Institutions affiliated/ approved by the appropriate bodies like NMC/AICTE etc. or any regulatory body established by State/UT/Centre.
Exclusions / Ineligibility:
Candidates who, after passing one stage of education, are studying in the same stage of education in a different subject e.g. B.Sc. after B.A or B.Com. after a B.A. or M.A. in a subject after an M.A. in another subject will not be eligible. Students who, after having completed their educational career in one professional line, e.g., LLB after B.T/B. Ed will not be eligible.","The scholarships will be open to Indian nationals belonging to OBCs, EBCs, and DNTs, as notified by the Central Govt./State Govt./ UT Admin. These scholarships will be given for the study of all recognized post-matriculation or post-secondary courses pursued in recognized institutions as specified in para 3 of the Guidelines. Only those candidates who belong to OBCs/EBCs/DNTs so specified in relation to the State/UT to which the applicant actually belongs, i.e. permanently settled and who have passed the Matriculation or higher secondary or any higher examination of a recognized University or Board of Secondary Education will be eligible. Students studying in the XI Class of the Higher Secondary School courses or the XII class of the Multipurpose High School will not be eligible for it being a continuous school course. However, in cases, where the 10th Class examination of such courses is treated as equivalent to Matriculation and students who after passing the 10th Class join other courses, such students will be treated as post-matric students and will be eligible for the award of scholarships. Students pursuing Post-graduate courses in medicine will be eligible only if they are not allowed to practice during the period of their course. Students who after failing or passing the Under Graduate/Post-Graduate examinations in Arts/Science/Commerce join any recognized professional or Technical certificate/diploma/degree courses will be awarded scholarships if otherwise eligible. No subsequent failure will be condoned except for courses in Group '1' and no further change in the course will be allowed thereafter. Students, who pursue their studies through correspondence/online courses, are also eligible. The term correspondence includes distance and continuous education for courses in Central/State Universities only. Only two boys of the same parents/guardians will be entitled to receive scholarships. This restriction will, however, not apply to girls. Accordingly, scholarships availed by girls of the same parents/guardian will not adversely affect the admissibility of availing scholarships upto two boys of the same parents/guardian. A scholarship holder under this Scheme will not hold any other scholarship/stipend. If awarded any other scholarship/stipend, the student can exercise his/her option for either of the two Scholarships/stipends, whichever is more beneficial to him/her, and should inform the awarding authority through the Head of the Institution about the option made. No scholarship will be paid to the students under this Scheme from the date he/she accepts any other scholarships/ stipend. The student can, however, accept free lodging or a grant or ad-hoc monetary help from the State Government or any other source for the purchase of books, and equipment or for meeting the expenses on board and lodging, in addition to the scholarship amount paid under the Scheme. Scholarship holders who are receiving coaching in any of the pre-examination training centers with financial assistance from the Central Government/ State Government will not be eligible for a stipend under the coaching schemes for the duration of the coaching programme. The ceiling on the age limit for admission as regular students in different classes should be decided by concerned Institutions. Employed students whose income combined with the income of their parents/guardians does not exceed ₹2.50 lakhs per annum shall be eligible for post-matric scholarship. Unemployed students whose parents/guardians' income from all sources does not exceed ₹2.50 lakhs per annum will be entitled to the scholarship under the scheme. Note: Income Certificate is required to be taken once only; i.e. at the time of admission of courses, which are continuing for more than one year. Other Conditions for the Award: The scholarship is provided on the basis of satisfactory progress and conduct of the scholars. If it is reported by the Head of the Institution at any time that a scholar has, by reasons of his/her own act or default, failed to make satisfactory progress or has been guilty of misconduct such as resorting to or participating in strikes, irregularity in attendance without the permission of the authorities concerned, etc., the authority sanctioning the scholarships may either cancel the scholarship or stop or withhold further payment of scholarship for such period as it may think fit. If a student is found to have obtained a scholarship by false statement his/her scholarship will be cancelled forthwith and the amount of the scholarship paid will be recovered, at the discretion of the concerned State Government. The student concerned will be blacklisted and debarred for scholarship under any scheme forever. A scholarship awarded may be cancelled if the scholar changes the subject of the course of study for which the scholarship was originally awarded or changes the institution of study, without prior approval of the State Government. The Head of the Institution shall inform such cases to the scholar and stop payment of the scholarship money. The amount already paid may also be recovered at the discretion of the State Government. A scholar is liable to refund the scholarship amount at the discretion of the State Government, if during the course of the year, the studies for which the scholarship has been awarded, are discontinued by him/herDuration and Renewal of Awards: The award once made will be payable up to the completion of the course subject to satisfactory academic performance and attendance of 75% in every academic year. The attendance will be verified through an Aadhaar-based attendance System. If a scholar is unable to appear in the annual examination owing to illness, the award may be renewed subject to the production of a medical certificate from a prescribed authority and acceptance of the same by the institution /college. If, according to the Regulations of a University/Institution, a student is promoted to the next higher class even though he/she may not have actually passed in the lower class and is required to take an examination of the junior class again after some time, he/she will be entitled to scholarship for the class to which he/she is promoted if the student is otherwise eligible for scholarship. Further, in case a student fails in any class and then again joins the same class as a regular student, he/she will be eligible for a scholarship for one additional year or the actual period, whichever is lower. If a scholar pursuing a Group I course fails in the examination for the first time, the award may be renewed. For second and subsequent failures in any class, the student shall bear his/her own expenses until he/she secures promotion to the next higher class. The authentication through Aadhaar would be compulsory at the time of renewals, if not provided earlier at the time of admission. Eligibility of Educational Institutions: Scholarships will be given for the study of all recognized post-matriculation or postsecondary courses (Intermediate/Senior Secondary, Diploma, long-term Vocational Training Certificate, Graduate, Post Graduate courses, etc.) pursued in recognized Institutions/Universities/Colleges falling in any of the following 9 categories: Institutions of National Importance;Central University/State University/Autonomous colleges recognized by UGC and Universities/Colleges recognized under section 2(f) of the UGC Act;Deemed Universities;All Private Universities recognized by State/Centre;Private Professional Institutions affiliated with a recognized Central/State University and covered by a Fee Fixation Committee as mandated by the Supreme Court;Recognized schools/colleges for Classes XI and class XII;Diploma granting Institutions as recognized by State/UT Governments;Vocational Training Institutes affiliated to the National Council of Vocational Training (NCVT);Institutions affiliated/ approved by the appropriate bodies like NMC/AICTE etc. or any regulatory body established by State/UT/Centre.","Candidates who, after passing one stage of education, are studying in the same stage of education in a different subject e.g. B.Sc. after B.A or B.Com. after a B.A. or M.A. in a subject after an M.A. in another subject will not be eligible. Students who, after having completed their educational career in one professional line, e.g., LLB after B.T/B. Ed will not be eligible.","The scholarship includes the following components for the complete duration of the course: Sl. No. Category of CoursesYearly Academic Allowance (in ₹)Yearly Tuition Fee (in ₹)Total (in ₹)1Group 1: Degree and Post Graduate level professional courses10,000/- 10,000/-20,000/-2Group 2: Other Professional Courses leading to Degree, Diploma, Certificate8,000/-5,000/-13,000/-3Group 3:
Graduate and Post Graduate courses not covered under Group I & Group II6,000/-2,000/-8,000/-4Group 4: All post-matriculation (Post Class X level) non-degree courses5,000/-05,000/-Note 01: Students pursuing CA./I.C.W.A./C.S./I.C.F.A. shall be treated as day scholars for the purpose of academic allowance. Students studying through correspondence/online courses shall not be eligible for academic allowance. Note 02: Tuition fees shall be paid to online/correspondence students. Note 03: The State Governments may, if they so decide, top up the academic allowance from their own resources. Note 04: The entire scholarship amount, both from the State and Central Government, including the tuition fees, academic allowance and any other admissible allowance will be paid directly into the account of the students ONLY through DBT preferably through an Aadhaar Based Payment System (Aadhaar Payment Bridge).Note 05:
Scholarship will not be paid for the period of internship/housemanship in the M.B.B.S course or for practical training in other courses if the student is in receipt of some remuneration during the internship period or some allowance/stipend during the practical training in other courses.","1. Aadhaar Card
• Passport
• size photograph
• Educational qualification marksheets/certificates
• Valid Income certificate
• issued by the competent Authority
• Domicile Certificate
• Caste/Community Certificate issued by the competent authority
• Disability
• certificate, if applicable
• Bank Account details
• Any other documents as required","Q: Who launched PM-YASASVI?
A: PM-YASASVI was launched by the Ministry of Social Justice & Empowerment, Government of India.

Q: What is the objective of the scheme?
A: The objective of the scheme is to provide financial assistance to the OBC, EBC and DNT students studying at post-matriculation or post-secondary stage to enable them to complete their education.

Q: What is the scope of scheme?
A: These scholarships shall be available for studies in India only and will be awarded by the Government of State/Union Territory to which the applicant actually belongs, i.e. permanently settled.

Q: Who can apply for the scholarships?
A: Indian nationals belonging to Other Backward Classes (OBCs), Economically Backward Classes (EBCs), and Denotified Nomadic Tribes (DNTs) as notified by the Central Govt./State Govt./UT Admin are eligible.

Q: What does 'Group 1' mean?
A: ""Group 1: Degree and Post Graduate level professional courses"" shall mean all Professional courses in Medicine, Engineering, Technology, Planning, Architecture, Design, Fashion Technology, Agriculture, Veterinary & Allied Sciences, Management, Business Finance /Administration, Computer Science/ Applications (ii) Post Graduate Diploma courses in various branches of Management & Medicine(iii) C.A./I.C.W.A./C.S./1.C.F.A. etc. (iv) M.Phil., Ph. D. and Post-Doctoral Programmes (D.Lit., D.Sc. etc.) of Group I, Group II and Group Ill courses. (v) L.L.B, Integrated LL B, L.L.

Q: M (vi) Commercial Pilot License Courses from GoI institutes (including helicopter pilot and multiengine) (maximum 20 slots per annum) What does 'Group 2' mean?
A: ""Group 2: Other Professional Courses leading to Degree, Diploma, Certificate"" shall mean all Professional Courses leading to Degree, M Ed. / M. Pharma., Diploma, Certificate in areas like Pharmacy (B Pharma.), Nursing(B Nursing), BFS, other para-medical branches like rehabilitation, diagnostics etc., Mass Communication, Hotel Management & Catering, Travel/Tourism/Hospitality Management, Interior Decoration, Nutrition& Dietetics, Commercial Art, Financial Services (e.g. Banking, Insurance, Taxation etc.) for which entrance qualification is minimum Sr. Secondary (10+2) and Vocational stream, ITI courses and Polytechnic where entrance qualification is Class XII or above.

Q: What does 'Group 3' mean?
A: ""Group 3: Graduate and Post Graduate course"" shall mean: courses not covered under Group 1& Group 2 e.g. BA / B.Sc. / B.Com etc. M.A/ M. Sc./ M.Com etc.

Q: What does 'Group 4' mean?
A: ""Group 4: All post-matriculation (Post Class X level) non-degree courses"" shall mean All post-matriculation level non-degree courses for which entrance qualification is High School (Class X), e.g. Senior secondary certificate (class XI and XII ); both general and vocational stream, ITI courses, 3-year diploma courses in Polytechnics, etc.

Q: What does 'Freeship Card' mean?
A: ""Freeship Card"" shall mean a card issued by the State Govt./UT Administration that entitles a student eligible for a scholarship under this Scheme, to take admission in an institution, without pre-payment of tuition fee and hostel fee.

Q: How will the scholarship amount be disbursed?
A: The entire scholarship amount, including tuition fees, academic allowance, and any other admissible allowance, will be paid directly into the students' bank accounts ONLY through Direct Benefit Transfer (DBT), preferably through an Aadhaar Based Payment System (Aadhaar Payment Bridge).

Q: How are students pursuing professional courses like CA/ICWA/CS/ICFA treated for academic allowance?
A: Students pursuing CA/ICWA/CS/ICFA shall be treated as day scholars for the purpose of academic allowance.

Q: Are students studying through correspondence/online courses eligible for academic allowance?
A: No, students studying through correspondence/online courses shall not be eligible for academic allowance.

Q: Will tuition fees be paid to online/correspondence students?
A: Yes, tuition fees shall be paid to online/correspondence students.

Q: What courses are covered under the scholarship?
A: The scholarships are available for all recognized post-matriculation or post-secondary courses pursued in recognized institutions.

Q: What educational qualifications are required for eligibility?
A: Eligible candidates must have passed the Matriculation or higher secondary or any higher examination from a recognized University or Board of Secondary Education.

Q: Are post-graduate medical students eligible for the scholarship?
A: Yes, but only if they are not allowed to practice during the period of their course.

Q: Is there a limit on the number of scholarships per family?
A: Yes, only two boys of the same parents/guardian will be entitled to receive scholarships. However, this restriction does not apply to girls.

Q: Can scholarship holders hold other scholarships simultaneously?
A: No, scholarship holders cannot hold any other scholarship/stipend. They can, however, accept free lodging, grants, or ad-hoc monetary help for specific purposes.

Q: What is the income eligibility criterion for employed and unemployed students?
A: Employed students whose income combined with their parents/guardians does not exceed ₹2.50 lakh per annum, and unemployed students whose parents/guardians' income does not exceed ₹2.50 lakh per annum are eligible.

Q: Who is not eligible for the scholarship?
A: Candidates studying in the same stage of education in different subjects after passing one stage, such as pursuing B.Sc. after B.A. or B.Com. after B.A., will not be eligible.

Q: Can a scholarship be cancelled if a scholar changes their course of study or institution without prior approval?
A: Yes.

Q: Is a scholar liable to refund the scholarship amount if their studies are discontinued during the year?
A: Yes, a scholar may be liable to refund the scholarship amount at the discretion of the State Government if their studies for which the scholarship has been awarded are discontinued during the year.

Q: How long is the scholarship payable?
A: The scholarship once awarded will be payable up to the completion of the course subject to satisfactory academic performance and attendance of 75% in every academic year.

Q: Can the scholarship be renewed if a scholar is unable to appear in the annual examination due to illness?
A: Yes, the scholarship may be renewed subject to the production of a medical certificate from a prescribed authority and acceptance of the same by the institution/college.

Q: Is there a provision for renewal if a scholar fails in Group I course examination?
A: Yes, If a scholar is pursuing Group I course fails in the examination for the first time, the award may be renewed. For second and subsequent failures in any class the student shall bear his/her own expenses until he/she secures promotion to the next higher class.

Q: Is Aadhaar authentication compulsory for renewals?
A: Yes, Aadhaar authentication is compulsory at the time of renewals if not provided earlier at the time of admission.

Q: How to apply for the scholarship?
A: The applicant can apply through the specified online portal of the State/UT and National Scholarship Portal.","Mode: Online All the State Governments/UT Administrations will announce starting from April, the details of the Scheme and invite applications by issuing an advertisement in the leading newspapers of the State and through their respective websites/Scholarship portals and other modes of media. The applicant should submit the completed application to the prescribed authority on the portal specified for this purpose before the last date prescribed for receipt of applications. The applicant can apply through the specified online portal of the State/UT and National Scholarship Portal. Application Process: National Scholarship Portal-Online submission for the scholarship can be done through the website of the National Scholarship Portal with the required documents: https://scholarships.gov.in/ Registration for New Applicant:Step 01: Open the official NSP website and click on 'New Registration' under Applicant Corner.Step 02: Read the Instruction/Guidelines, provide the undertaking by clicking on the Check box then click on Continue.Step 03: Start the registration by providing the required details. Registered Applicant:Step 01: Open the official NSP website and click on 'Fresh Application' under Applicant Corner.Step 02: Login with your application ID & password.Step 03: Select the Scholarship.Step 04: Fill out the applicant form.Step 05: Upload the required documents and Submit.(Note: The application processes may vary for the different State/UT, to avail of the benefits of the scholarship; eligible students may apply on the IT Portal of the concerned States and Union Territories.)Selection of Candidates: All the eligible OBC/EBC/DNT candidates will be given scholarships subject to the condition of eligibility prescribed in the Scheme, Candidates belonging to one State, but studying in another State, will be awarded scholarships by the State to which they belong and will submit their applications to the competent authorities in that State. In the matter of exemption from fees or other concessions also, they will be treated as studying in their own State. Timelines for the Scheme: Opening of Portal for registration by students: 1st AprilClosing of Portal for registration: 30th JuneVerification by the institutions to be completed: 31st JulyVerification by the State Govt: 15th AugustRelease of Central Assistance into the SNA, as per the data uploaded on to the central portal: 31st AugustPayment of scholarships by the State Govt using the DBT process (before): 30th SeptemberProcess for Issue Freeship Card: All eligible students shall be entitled to take admission in the institutions without prepayment of tuition fees and hostel fees as per the Scheme Guidelines. To enable this, a FREESHIP CARD will be issued by the State Government to the eligible students. The student shall, well before the expected date of admission, register for issuance of a Freeship Card on the respective scholarship portal giving details like the Aadhaar number, the name of the course in which he/she wants to take admission (e.g. MBBS, B.Sc., Class XI etc.) and an undertaking that the institution's charges would be paid within 7 working days from the date of receipt of the scholarship amount in his/her account. For the purpose of registration of the Freeship Card, the portals shall remain open throughout the year. The verification of the income, caste, and merit details should be automatically done from the databases which are linked online for instant verification. The process should be entirely paperless. Until the above system is brought into effect, the documents may be scanned and uploaded which include: a passport size photograph, copy of each of the certificates for diploma, degree, etc. in respect of all examinations passed, Caste certificate duly signed by the authorized officer, valid Income certificate issued by the competent authority as prescribed by the State Govt. etc. After the registration on the Portal, if the student is found eligible, all States/UTs will complete the verification process within 30 days from the receipt of the registration request from the students and issue the Freeship Card through the IT portal, mentioning the course for which application is made so that the eligible students are not denied admissions due to delay in depositing tuition fees. It should be possible for the student to download the Free Ship Card from the portal itself. Once complete digitization of all the required certificates is done, such a Freeship Card shall be automatically generated immediately on registration, if the student is found eligible. The Freeship Card shall contain the details given in Annexure-1 and shall be digitally signed. For the purpose of admission, the Freeship card will remain valid for period of one year from the date of issue. If a student wants to change his/her course before taking admission to an institution, he can do so by logging on IT portal and a fresh Freeship Card shall be issued automatically for all eligible students. In case of renewal students, there shall be no need for fresh registration for the Freeship card and a card once issued to him/her shall be valid for the entire duration of the course.",https://scholarships.gov.in/,https://www.myscheme.gov.in/schemes/pm-yasasvipmsobcebcdnts
Post-Matric Scholarship for SC students,pmsfss,Central Government,Ministry of Social Justice and Empowerment,"The scholarships are open to Indian nationals only. Only candidates who belong to Scheduled Castes and have passed the Matriculation, Higher Secondary, or a higher examination of a recognized university or Board of Secondary Education are eligible. Scholarships will be paid to students whose parents' or guardians' income from all sources does not exceed ₹ 2,50,000/- per annum. The ceiling on age limit for admission as a regular student in different classes should be decided by the concerned institutions. Candidates who are studying in the same stage of education in a different subject after passing one stage of education are not eligible. Students who pursue their studies through correspondence or online courses are also eligible. All children of any parent or guardian are entitled to receive benefits of the scheme. A scholarship holder under this scheme will not hold any other scholarship or stipend.","The scholarships are open to Indian nationals only. Only candidates who belong to Scheduled Castes and have passed the Matriculation, Higher Secondary, or a higher examination of a recognized university or Board of Secondary Education are eligible. Scholarships will be paid to students whose parents' or guardians' income from all sources does not exceed ₹ 2,50,000/- per annum. The ceiling on age limit for admission as a regular student in different classes should be decided by the concerned institutions. Candidates who are studying in the same stage of education in a different subject after passing one stage of education are not eligible. Students who pursue their studies through correspondence or online courses are also eligible. All children of any parent or guardian are entitled to receive benefits of the scheme. A scholarship holder under this scheme will not hold any other scholarship or stipend.",,"Category Of CoursesHostellers (Yearly) Day Scholars ( Yearly) Group-1 Degree and post Graduate Level professional courses₹ 13,000/-₹ 7,000/-Group-2: Other Professional Courses leading to Degree, Diploma, Certificate₹ 9,500/-₹ 6,500/-Group-3 Graduate and Post Graduate courses not covered under group 1 & group II₹ 6,000/-₹ 3,000/- Group-4: All post matriculation (Post Class X level non-degree courses. ₹ 4,000/-₹ 2,500/-Note
• 1. Ten percent extra allowances shall be provided for Divyang students. Note
• 2. Students pursuing C.A. /I.C.W.A. /C.S. /I.C.F.A. shall be treated as day scholars for the purpose of academic allowance. Students studying through correspondence/online courses shall not be eligible for academic allowance.","• Photograph. Academic Certificate. Caste
• Certificate. Income proof. Domicile Certificate. Bank Account Details. Aadhaar Card.","Q: What is this scheme?
A: The Post-Matric Scholarship Scheme for Scheduled Caste (SC) Students is a Centrally Sponsored Scheme implemented by the Ministry of Social Justice and Empowerment, Government of India.

Q: What are the main objective of the scheme?
A: The objective of the scheme is to appreciably increase the Gross Enrolment Ratio of SC students in higher education with a focus on those from the poorest households, by providing financial assistance at post-matriculation or post-secondary stage to enable them to complete their educationWhat benefits are provided under the scheme

Q: What benefits are provided to the Disabled students?
A: In addition, a 10% extra allowance shall be given to Divyang (Disabled) students.

Q: Who can get the benefits?
A: The scholarships are open to Indian nationals only.

Q: Is other category student also get the benefits?
A: Only candidates who belong to Scheduled Castes and have passed the Matriculation,

Q: Higher Secondary, or a higher examination of a recognized university or Board of Secondary Education are eligibleWhat is eligible income criteria?
A: Scholarships will be paid to students whose parents' or guardians' income from all sources does not exceed ₹ 2,50,000/- per annum.

Q: What is the procedure to apply?
A: 1. Applicant must register them self on NSP portal.
• 2. Login with their credentials and apply.

Q: What documents are required?
A: 1. Photograph.
• 2. Academic Certificate.
• 3. Caste Certificate.
• 4. Income proof.
• 5. Domicile Certificate.
• 6. Bank Account Details.
• 7. Aadhaar Card.

Q: What is the NSP URL?
A: URL :https://scholarships.gov.in/","Mode: Online Registration for New ApplicantOpen the official NSP website and click on New Registration under Applicant Corner. Read the Instruction /Guidelines, provide the under taking by click on Check box and click on Continue. Start the registration by Mobile OTP. Required document (Aadhaar Details and Bank Account Details) Registered Applicant Open the official NSP website and click on Fresh Application under Applicant CornerLogin with application ID & password. Select the Scholarship. Fill out the applicant form. Upload the required documents. Submit.",https://scholarships.gov.in/,https://www.myscheme.gov.in/schemes/pmsfss
Post Matric Scholarship Students With Disabilities,post-dis,Central Government,Ministry of Social Justice and Empowerment,"The applicant must be a student. The applicant must be pursuing a post-matric qualification, i.e. Class 11th, Class 12th, including Polytechnics, Post-Matriculation Diploma/Certificates and Bachelor's Degree/Diploma in India and Master's Degree/Diploma. The applicant must be disabled, with disability percentage of 40% or above. The Total Annual income of parents/guardians of the applicant (from all sources) must not exceed ₹ 2.50 Lakh per Annum. The applicant must not be availing any other scholarship by the govt. The applicant must not be the third sibling of the family who has been given this scholarship.
Exclusions / Ineligibility:
Scholarship will not be given to more than two students from a family. Provided in case the second child is a twin, the scholarship will be admissible to both. A scholarship holder under this scheme cannot hold any other scholarship or stipend. If any candidate furnishes false information / document and is established as false. An action will be initiated for recovery of the amount spent with 15% compound interest thereon. Also, such candidate will be blacklisted for future and appropriate legal action can be taken. If a student has to repeat a class, he/she would not get any scholarship for that class for a second (or subsequent) year.","The applicant must be a student. The applicant must be pursuing a post-matric qualification, i.e. Class 11th, Class 12th, including Polytechnics, Post-Matriculation Diploma/Certificates and Bachelor's Degree/Diploma in India and Master's Degree/Diploma. The applicant must be disabled, with disability percentage of 40% or above. The Total Annual income of parents/guardians of the applicant (from all sources) must not exceed ₹ 2.50 Lakh per Annum. The applicant must not be availing any other scholarship by the govt. The applicant must not be the third sibling of the family who has been given this scholarship.","Scholarship will not be given to more than two students from a family. Provided in case the second child is a twin, the scholarship will be admissible to both. A scholarship holder under this scheme cannot hold any other scholarship or stipend. If any candidate furnishes false information / document and is established as false. An action will be initiated for recovery of the amount spent with 15% compound interest thereon. Also, such candidate will be blacklisted for future and appropriate legal action can be taken. If a student has to repeat a class, he/she would not get any scholarship for that class for a second (or subsequent) year.","Maintenance Allowance (₹ per Month):Group 1: All Bachelor's/Post-Graduate Degree Courses in Medicine, Engineering/Technology, Planning/Architecture, Fashion Technology, Management, Business/Finance Administration, Computer Science/Applications, Agriculture, Veterinary and Allied Sciences; Hostellers - 1600; Day Scholars - 750Group 2: Professional Courses leading to Degree / Diploma, Certificate in areas like Pharmacy (B.Pharma), LLB, BFS, other para-medical branches like Rehabilitation, Diagnostics etc., Mass Communication, Hotel Management & Catering, Travel/Tourism/Hospitality, Interior Decoration, Nutrition & Dietetics, Commercial Art, Financial Services (e.g. Banking Insurance, Taxation etc.); Hostellers - 1100; Day Scholars - 700Group 3: All other courses leading to a Graduate Degree not covered under Group 1 and 2, e.g. BA/B.Sc/B.Com etc. Hostellers - 950; Day Scholars - 650Group 4: All Post-Matriculation Level Non-Degree courses for which entrance qualification is High School (Class 10th), e.g. Senior Secondary Certificate (Class 11th and 12th), both general and vocational stream, ITI courses, 3-year diploma courses in Polytechnics etc. Hostellers - 900; Day Scholars - 550Disability Allowances (₹/Annum):Visually Impaired - 4
• 000. Hearing Impaired - 2
• 000. Physically Disabled (OH) - 2
• 000. Intellectual Disabilities - 4
• 000. All other types of disability not covered above - 2
• 000. Book Allowance: ₹1500/- per annum.","• Photograph. Proof of Age. Certificate of Disability (Rights of
• Persons with Disabilities Act
• .Income Certificate. Tuition Fee Receipt. Last academic qualification certificate. Bank Details of the
• applicant or of the Parent/Guardian.","Q: Am I eligible for this scholarship if two of my siblings are availing the benefits of this scheme?
A: No. You won't be eligible in this case.

Q: By when shall the scholarship become payable?
A: The scholarship will become payable after the student has secured admission and has started attending the classes.

Q: Is there a validity to the scheme benefits?
A: The benefits are provided till the complete duration of the course.

Q: What would be the mode of payment of the scholarship?
A: The payment of the scholarship will be through DBT.

Q: Will the Maintenance Allowance be provided as lump sum or in installments?
A: Maintenance allowance will be given as fixed lump sumWhat if there are more than one student with equal marks for the last available slot

Q: Will I be eligible for the scholarship if I fail to get promoted to the next semester?
A: Yes, 50% of the total slots are reserved for girl students.

Q: Can I apply offline for the scholarship?
A: No. You need to visit https://scholarships.gov.in/ to apply.

Q: Is there any application fee?
A: No. The entire application process is completely free of cost. I am a renewal applicant.

Q: Am I allowed to migrate to another school during the period of the academic course?
A: No. Doing so may result in suspension or cancellation of the scholarship.

Q: What if a student violates school discipline or any other terms and conditions of the scholarship?
A: In such cases, his/her scholarship may be suspended or cancelled.

Q: How will the school be deciding if a student has been regular in attendance?
A: The criteria on the same will be decided by the competent authority of the school.

Q: Do I need to complete the application in one sitting?
A: No. You can save the application as draft and continue at a later time before the deadline.

Q: How do I track the status of my application?
A: You can check the same anytime by visiting the Applicant Dashboard and clicking ""Track Status"" in the left pane.

Q: What should be the type and size of the documents to be uploaded?
A: The format should be.pdf or .jpeg. The size of each document should not be greater than 200 kb.

Q: In what cases a Bonafide Certificate from the institute is needed?
A: The Bonafide Certificate is needed to be uploaded with the application in a case where the institute is located in a State/UT different from the domicile State/UT of the applicant.

Q: How do I know if a field in the application form is mandatory?
A: The mandatory fields have a red asterisk (*) mark at the end.","Mode: OnlineStep 1: Keep ready the soft copies of the required documents. Go to http://www.scholarships.gov.in/. and click ""New Registration"".Guidelines for Registration will appear. Scroll to the bottom. Read carefully the undertaking. Accept the Terms. Click ""Continue"".Step 2: A Registration Form will appear. (The fields marked as * are compulsory) Fill the details and click ""Register"". Your Application ID and password will be displayed. The same will also be sent as an SMS on your registered mobile number.Step 3: Go to https://scholarships.gov.in/fresh/newstdRegfrmInstruction Click on ""Login to Apply"". Enter your Application ID and password. Type the Captcha and click ""Login"".On the next screen, provide the OTP received on your registered mobile number. You will be directed to the Password Reset screen. Create a new password and confirm. Click ""Submit"". You will be directed to the ""Applicant's Dashboard"".Step 4: On the left pane, click ""Application Form"". The fields marked as * are compulsory. Fill the details and upload the documents. You can either click on ""Save as Draft"" to complete the application later. Else, click ""Final Submit"" to submit the application.",http://www.scholarships.gov.in/,https://www.myscheme.gov.in/schemes/post-dis
Post Matric Scholarship For Minorities,postsm,Central Government,Ministry of Minority Affairs,"The applicant must be pursuing a post-matric qualification. The applicant must be from a Minority Community. The Annual income of parents/guardians of the applicant (from all sources) should be less than or equal to ₹ 2,00,000/- per annum. The applicant must not be availing any other scholarship by the govt. The applicant must not be the third sibling in his/her family who has been given this scholarship.
Exclusions / Ineligibility:
If a student violates school discipline or any other terms and conditions of the scholarship, scholarship may be suspended or cancelled. The student availing any other scholarship out of all the available Scholarships of Central Government meant for SC/ST/OBC/minority. If a student is found to have obtained a scholarship by false statement, his/her scholarship will be cancelled forthwith and the amount of the scholarship paid will be recovered by the concerned State/UT Govt. The student obtaining benefits under this scheme shall not be allowed to avail of benefits under any other scheme for this purpose. Scholarship will not be given to more than two students from a family.","The applicant must be pursuing a post-matric qualification. The applicant must be from a Minority Community. The Annual income of parents/guardians of the applicant (from all sources) should be less than or equal to ₹ 2,00,000/- per annum. The applicant must not be availing any other scholarship by the govt. The applicant must not be the third sibling in his/her family who has been given this scholarship.","If a student violates school discipline or any other terms and conditions of the scholarship, scholarship may be suspended or cancelled. The student availing any other scholarship out of all the available Scholarships of Central Government meant for SC/ST/OBC/minority. If a student is found to have obtained a scholarship by false statement, his/her scholarship will be cancelled forthwith and the amount of the scholarship paid will be recovered by the concerned State/UT Govt. The student obtaining benefits under this scheme shall not be allowed to avail of benefits under any other scheme for this purpose. Scholarship will not be given to more than two students from a family.","(subject to actuals):Admission and tuition fee (both Hosteller & Day Scholar):For Class 11th & 12th: Rs. 7,000/- per annum For technical and vocational courses of level of Class 11th & 12th (more than 1 year in duration): Rs. 10,000/- per annumFor UG & PG level: Rs. 3,000/- per annumMaintenance Allowance: For Class 11th and Class 12th including Tech. & Voca. Course: Rs. 380/- pm for Hosteller; Rs. 230/- pm for Day Scholar. For Courses other than technical and vocational courses at UG & PG level: Rs. 570/- pm for Hosteller & Rs. 300/- pm for Day Scholar. For M.Phil & Ph. D.: Rs. 1,200/- pm for Hosteller & Rs. 550/-pm for Day Scholar.","• Student's Photo. Institution Verification Form. (Refer source for format) Income
• Certificate, issued from a Competent Authority in the State/UT Govts is required in respect of parent/guardian of the student. (Refer
• source for format) Self
• Declaration of Minority Community (Refer source for format) Self
• attested Mark Sheet of the last qualifying
• exam. Fee Receipt of 'Current Course Year'.Bank Details (Account No., IFSC Code) of the applicant or Bank Details of the
• Parent/Guardian. (if the student does not have his/her own bank account).Residential / Domicile Certificate. Aadhaar Number (or
• alternative identification documents)""Bonafide Student Certificate"" from the institute (if the institute is located in a State/UT
• different from domicile State/UT) Declaration of the Student (Refer source for format) Source:
• http://www.nitc.ac.in/app/webroot/img/upload/MCM
• CSS
• form.pdf","Q: Am I eligible for this scholarship if two of my siblings are availing the benefits of this scheme?
A: No. You won't be eligible in this case.

Q: By when shall the scholarship become payable?
A: The scholarship will become payable after the student has secured admission and has started attending the classes.

Q: Is there a validity to the scheme benefits?
A: The benefits are provided till the complete duration of the course.

Q: What would be the mode of payment of the scholarship?
A: The payment of the scholarship will be through DBT.

Q: Will the Maintenance Allowance be provided as lump sum or in installments?
A: Maintenance allowance will be given as fixed lump sum.

Q: What if there are more than one student with equal marks for the last available slot?
A: In such cases, preference will be given to the student with lower family income.

Q: Will I be eligible for the scholarship if I fail to get promoted to the next semester?
A: No. The scholarship will be terminated in that case.

Q: Is there a percentage of slots reserved for girl students?
A: Yes, 30% of the total slots are reserved for girl students.

Q: Can I apply offline for the scholarship?
A: No. You need to visit https://scholarships.gov.in/ to apply.

Q: Is there any application fee?
A: No. The entire application process is completely free of cost. I am a renewal applicant.

Q: Am I allowed to migrate to another school during the period of the academic course?
A: No. Doing so may result in suspension or cancellation of the scholarship.

Q: What if a student violates school discipline or any other terms and conditions of the scholarship?
A: In such cases, his/her scholarship may be suspended or cancelled.

Q: How will the school be deciding if a student has been regular in attendance?
A: The criteria on the same will be decided by the competent authority of the school.

Q: Do I need to complete the application in one sitting?
A: No. You can save the application as draft and continue at a later time before the deadline.

Q: How do I track the status of my application?
A: You can check the same anytime by visiting the Applicant Dashboard and clicking ""Track Status"" in the left pane.

Q: What should be the type and size of the documents to be uploaded?
A: The format should be.pdf or .jpeg. The size of each document should not be greater than 200 kb.

Q: In what cases a Bonafide Certificate from the institute is needed?
A: The Bonafide Certificate is needed to be uploaded with the application in a case where the institute is located in a State/UT different from the domicile State/UT of the applicant.

Q: How do I know if a field in the application form is mandatory?
A: The mandatory fields have a red asterisk (*) mark at the end.","Mode: Online Keep ready the soft copies of the required documents.Step 1: Go to http://www.scholarships.gov.in/. and click ""New Registration"".Guidelines for Registration will appear. Scroll to the bottom. Read carefully the undertaking. Accept the Terms. Click ""Continue"".Step 2: A Registration Form will appear. (The fields marked as * are compulsory) Fill the details and click ""Register"". Your Application ID and password will be displayed. The same will also be sent as an SMS on your registered mobile number.Step 3: Go to https://scholarships.gov.in/fresh/newstdRegfrmInstruction Click on ""Login to Apply"". Enter your Application ID and password. Type the Captcha and click ""Login"".On the next screen, provide the OTP received on your registered mobile number. You will be directed to the Password Reset screen. Create a new password and confirm. Click ""Submit"". You will be directed to the ""Applicant's Dashboard"".Step 4: On the left pane, click ""Application Form"". The fields marked as * are compulsory. Fill the details and upload the documents. You can either click on ""Save as Draft"" to complete the application later. Else, click ""Final Submit"" to submit the application.",http://www.scholarships.gov.in/,https://www.myscheme.gov.in/schemes/postsm
Pre Matric Scholarship For Minorities,presm,Central Government,Ministry of Minority Affairs,"The applicant must be a student in a class between Class 1st to 10th. The applicant must be from a Minority Community. The Annual income of parents/guardians of the applicant (from all sources) should be less than or equal to ₹ 1 Lakh per Annum. The applicant should have secured not less than 50% marks in the previous final examination. The applicant must not be availing any other scholarship by the govt. The applicant must not be the third sibling in his/her family who has been given this scholarship.
Exclusions / Ineligibility:
If a student violates school discipline or any other terms and conditions of the scholarship, scholarship may be suspended or cancelled. The student availing any other scholarship out of all the available Scholarships of Central Government meant for SC/ST/OBC/minority. If a student is found to have obtained a scholarship by false statement, his/her scholarship will be cancelled forthwith and the amount of the scholarship paid will be recovered by the concerned State/UT Govt. The student obtaining benefits under this scheme shall not be allowed to avail of benefits under any other scheme for this purpose. Scholarship will not be given to more than two students from a family.",The applicant must be a student in a class between Class 1st to 10th. The applicant must be from a Minority Community. The Annual income of parents/guardians of the applicant (from all sources) should be less than or equal to ₹ 1 Lakh per Annum. The applicant should have secured not less than 50% marks in the previous final examination. The applicant must not be availing any other scholarship by the govt. The applicant must not be the third sibling in his/her family who has been given this scholarship.,"If a student violates school discipline or any other terms and conditions of the scholarship, scholarship may be suspended or cancelled. The student availing any other scholarship out of all the available Scholarships of Central Government meant for SC/ST/OBC/minority. If a student is found to have obtained a scholarship by false statement, his/her scholarship will be cancelled forthwith and the amount of the scholarship paid will be recovered by the concerned State/UT Govt. The student obtaining benefits under this scheme shall not be allowed to avail of benefits under any other scheme for this purpose. Scholarship will not be given to more than two students from a family.",Admission Fee (Class 6th to Class 10th): Rs. 500/- per annum subject to actuals (both Hosteller & Day Scholar) Tuition Fee (Class 6th to Class 10th): Rs. 350/- per month subject to actuals (both Hosteller & Day Scholar) Maintenance Allowance (Class 1st to Class 5th*): Rs. 100/- per month for Day Scholar. Maintenance Allowance (Class 6th to Class 10th*): Rs. 600/- per month for Hosteller; Rs. 100/-per month for Day Scholar.[NOTE: (*) means for 10 months in an academic year],"• Student's Photo. Verification Form by the Institution. Income
• Certificate, issued from a Competent Authority in the State/UT Govts is required in respect of parent/guardian of the student. Self
• Certified Community Certificate (if the applicant is greater than or equal to 18 years).orCommunity Certificate certified by
• parent/guardian. Self
• attested Mark Sheet of the last qualifying exam. Fee Receipt of 'Current Course Year'.Bank Details (Account
• No., IFSC Code) of the applicant.orBank Details of the Parent/Guardian. (if the student does not have his/her own bank
• account).Residential/Domicile Certificate. Aadhaar Number (or alternative identification documents)""Bonafide Student Certificate""
• from the School (if School is located in a State/UT different from domicile State/UT)","Q: Am I eligible for this scholarship if two of my siblings are availing the benefits of this scheme?
A: No. You won't be eligible in this case.

Q: By when shall the scholarship become payable?
A: The scholarship will become payable after the student has secured admission and has started attending the classes.

Q: Is there a validity to the scheme benefits?
A: The benefits are provided till the complete duration of the course.

Q: What would be the mode of payment of the scholarship?
A: The payment of the scholarship will be through DBT.

Q: Will I be eligible for the scholarship if I fail to get promoted to the next semester?
A: No. The scholarship will be terminated in that case.

Q: Is there a percentage of slots reserved for girl students?
A: Yes, 30% of the total slots are reserved for girl students.

Q: Can I apply offline for the scholarship?
A: No. You need to visit https://scholarships.gov.in/ to apply.

Q: Is there any application fee?
A: No. The entire application process is completely free of cost.

Q: Do I need to complete the application in one sitting?
A: No. You can save the application as draft and continue at a later time before the deadline. How do

Q: I track the status of my application?
A: You can check the same anytime by visiting the Applicant Dashboard and clicking ""Track Status"" in the left pane.

Q: What should be the type and size of the documents to be uploaded?
A: The format should be.pdf or .jpeg. The size of each document should not be greater than 200 kb.

Q: In what cases a Bonafide Certificate from the institute is needed?
A: It is needed if the institute is located in a State/UT different from domicile State/UT of the applicant.

Q: How do I know if a field in the application form is mandatory?
A: The mandatory fields have a red asterisk (*) mark at the end.","Mode: Online Keep ready the soft copies of the required documents.Step 1: Go to http://www.scholarships.gov.in/. and click ""New Registration"".Guidelines for Registration will appear. Scroll to the bottom. Read carefully the undertaking. Accept the Terms. Click ""Continue"".Step 2: A Registration Form will appear. (The fields marked as * are compulsory) Fill the details and click ""Register"". Your Application ID and password will be displayed. The same will also be sent as an SMS on your registered mobile number.Step 3: Go to https://scholarships.gov.in/fresh/newstdRegfrmInstruction Click on ""Login to Apply"". Enter your Application ID and password. Type the Captcha and click ""Login"".On the next screen, provide the OTP received on your registered mobile number. You will be directed to the Password Reset screen. Create a new password and confirm. Click ""Submit"". You will be directed to the ""Applicant's Dashboard"".Step 4: On the left pane, click ""Application Form"". The fields marked as * are compulsory. Fill the details and upload the documents. You can either click on ""Save as Draft"" to complete the application later. Else, click ""Final Submit"" to submit the application.",http://www.scholarships.gov.in/,https://www.myscheme.gov.in/schemes/presm
Pragati Scholarship Scheme For Girl Students (Technical Degree),psgs-deg,Central Government,Ministry of Education,"The applicant must be a Girl Student. The applicant must be pursuing either the First year of the degree course OR the Second year of the Degree course through lateral entry. The annual income of the family (from all sources) must not be more than ₹ 8,00,000/- per annum during the current financial year. All eligible girls (who submit online scholarship form) from the following 13 Union Territories and North Eastern States i.e. Andaman and Nicobar Islands (UT), Jammu and Kashmir (UT), Ladakh (UT), Dadra and Nagar Haveli & Daman and Diu (UT), Lakshadweep (UT), Arunachal Pradesh, Assam, Manipur, Meghalaya, Mizoram, Nagaland, Sikkim & Tripura will be given a scholarship by AICTE.
Exclusions / Ineligibility:
If a candidate failed/drops out in a subsequent year, she will not be eligible for further scholarship. If it is found that the student is in receipt of financial assistance in the shape of scholarship/any emoluments, salary, stipend, etc. from any other source during her course of study in the institute, the scholarship shall be discontinued. If the gap period between the year of passing the qualifying examination and the admission session in a degree course is more than two years. The scholarship is only applicable to a maximum of two girl children of a family.","The applicant must be a Girl Student. The applicant must be pursuing either the First year of the degree course OR the Second year of the Degree course through lateral entry. The annual income of the family (from all sources) must not be more than ₹ 8,00,000/- per annum during the current financial year. All eligible girls (who submit online scholarship form) from the following 13 Union Territories and North Eastern States i.e. Andaman and Nicobar Islands (UT), Jammu and Kashmir (UT), Ladakh (UT), Dadra and Nagar Haveli & Daman and Diu (UT), Lakshadweep (UT), Arunachal Pradesh, Assam, Manipur, Meghalaya, Mizoram, Nagaland, Sikkim & Tripura will be given a scholarship by AICTE.","If a candidate failed/drops out in a subsequent year, she will not be eligible for further scholarship. If it is found that the student is in receipt of financial assistance in the shape of scholarship/any emoluments, salary, stipend, etc. from any other source during her course of study in the institute, the scholarship shall be discontinued. If the gap period between the year of passing the qualifying examination and the admission session in a degree course is more than two years. The scholarship is only applicable to a maximum of two girl children of a family.",". The benefits are provided for a period of maximum of 4 years for first-year admitted students and a maximum of 3 years for second-year admitted students through lateral entry. This scheme is an attempt to give young women the opportunity to further their education and prepare for a successful future by empowering Women through knowledge, skill, and self-confidence. Benefits₹ 50,000/- per annum for every year of study, i.e. maximum of 4 years for first-year admitted students and a maximum of 3 years for second-year admitted students, through lateral entry as a lump sum amount towards payment of college fees, purchase of computer, stationeries, books, equipment, software, etc.","• Copy of SSC/10th certificate. Copy of HSC/12th certificate (In case of Degree
• level).Copy of ITI certificate (In case of Lateral Entry for Diploma level).Copy of Diploma certificate (In case of Lateral Entry for
• Degree level).Bank PassbookCategory Certificate Aaddhar CardStudy Certificate (Appendix
• I) Annual Family Income Certificate
• (Appendix
• II) Parent's Declaration (Appendix
• III) Bank Mandate Form (Appendix
• IV) Download the Appendix from the link.","Q: Is there a validity to the scheme benefits?
A: The benefits are provided for a period of maximum 4 years for first year admitted students and maximum 3 years for second year admitted students through lateral entry.

Q: How many slots are there in this scheme?
A: total of 5,000 scholarships are earmarked per annum under this scheme.

Q: What would be the mode of payment of the scholarship?
A: The payment of the scholarship will be through DBT.

Q: Are there any additional grants that may be payable in lieu of hostel charges and medical charges?
A: No other additional grant will be payable in lieu of hostel charges and medical charges etc.

Q: What would be the mode of payment of the scholarship?
A: The payment of the scholarship will be through DBT.I belong to a NorthEastern state.

Q: Am I eligible to apply for this scholarship?
A: Yes. All eligible girls who submit the online scholarship form, from following 13 Union Territories and North Eastern States will be given scholarship by AICTE.

Q: Will I be eligible for the scholarship if I fail to get promoted to the next semester?
A: No. The scholarship will be terminated in that case.

Q: Can I apply offline for the scholarship?
A: No. You need to visit https://scholarships.gov.in/ to apply.

Q: Is there any application fee?
A: No. The entire application process is completely free of cost.

Q: Am I eligible for this scholarship if two of my girl siblings are availing the benefits of this scheme?
A: No. You won't be eligible in this case.

Q: Do I need to complete the application in one sitting?
A: No. You can save the application as draft and continue at a later time before the deadline.

Q: How do I track the status of my application?
A: You can check the same anytime by visiting the Applicant Dashboard and clicking ""Track Status"" in the left pane.

Q: What should be the type and size of the documents to be uploaded?
A: The format should be.pdf or .jpeg. The size of each document should not be greater than 200 kb.

Q: In what cases a Bonafide Certificate from the institute is needed?
A: The Bonafide Certificate is needed to be uploaded with the application in a case where the institute is located in a State/UT different from the domicile State/UT of the applicant.

Q: How do I know if a field in the application form is mandatory?
A: The mandatory fields have a red asterisk (*) mark at the end. How do I prove that my Family Income (all sources) is less than Rs.

Q: 8 LPA?
A: valid income certificate issued by State/ UT Government need to be enclosed as a proof of income.","Mode: OnlineStep 1: Keep the soft copies of the required documents ready. Go to Official Website. and click ""New Registration."".Guidelines for Registration will appear. Scroll to the bottom. Read the undertaking carefully. Accept the terms. Click ""Continue"".Step 2: A Registration Form will appear. (The fields marked as * are compulsory.)Fill in the details and click ""Register.""Your Application ID and password will be displayed. The same will also be sent as an SMS to your registered mobile number.Step 3: Go to Applicant Corner. Click on ""Login to Apply"". Enter your Application ID and password. Type the Captcha and click ""Login"".On the next screen, provide the OTP received on your registered mobile number. You will be directed to the Password Reset screen. Create a new password and confirm. Click ""Submit"". You will be directed to the ""Applicant's Dashboard"".Step 4: On the left pane, click ""Application Form"". The fields marked as * are compulsory. Fill in the details and upload the documents. You can click ""Save as Draft"" to complete the application later. Else, click ""Final Submit"" to submit the application.",https://scholarships.gov.in/,https://www.myscheme.gov.in/schemes/psgs-deg
AICTE - Saksham Scholarship Scheme For Specially-Abled Student (Degree),sak-deg,Central Government,Ministry of Education,"The candidate should be admitted to the First year of the Degree level course OR the Second year of the Degree level course through lateral entry in any of the AICTE-approved institutions of the respective year. Specially-abled students have a disability of not less than 40%.Family income from all sources should not be more than Rs. 8 lakh per annum during the current financial year. A valid income certificate issued by State /UT Government needs to be enclosed.
Exclusions / Ineligibility:
Students failing to get promoted to the next class/ level would forfeit the scholarship. The gap period between the year of passing the qualifying examination and the session of admission in the degree course should not be more than two years. If a candidate failed/drops out in a subsequent year, she/ he will not be eligible for further scholarship. The grant of scholarship is subject to the condition that the student does not receive any financial assistance in the shape of scholarship/any emoluments, salary, stipend, etc. from any other source during her/ his course of study in the Institute. In case of receipt of any financial assistance from any other sources, the scholarship shall be discontinued and the entire amount of the scholarship will have to be refunded to AICTE by D/Draft drawn in favor of ""Member Secretary, AICTE"" payable at New Delhi.",The candidate should be admitted to the First year of the Degree level course OR the Second year of the Degree level course through lateral entry in any of the AICTE-approved institutions of the respective year. Specially-abled students have a disability of not less than 40%.Family income from all sources should not be more than Rs. 8 lakh per annum during the current financial year. A valid income certificate issued by State /UT Government needs to be enclosed.,"Students failing to get promoted to the next class/ level would forfeit the scholarship. The gap period between the year of passing the qualifying examination and the session of admission in the degree course should not be more than two years. If a candidate failed/drops out in a subsequent year, she/ he will not be eligible for further scholarship. The grant of scholarship is subject to the condition that the student does not receive any financial assistance in the shape of scholarship/any emoluments, salary, stipend, etc. from any other source during her/ his course of study in the Institute. In case of receipt of any financial assistance from any other sources, the scholarship shall be discontinued and the entire amount of the scholarship will have to be refunded to AICTE by D/Draft drawn in favor of ""Member Secretary, AICTE"" payable at New Delhi.","₹50,000/- per annum for every year of study i.e. maximum 4 years for the first year admitted students and maximum 3 years for the second year admitted students through lateral entry as lump sum amount towards payment of college fee, purchase of computer, stationeries, books, equipment, software, etc. After selection, the awardee will be paid a scholarship through DBT mode on annual basis. The scholarship will be renewed for the next year of study on receipt of renewal through National Scholarship Portal by submitting a passing certificate/ mark sheet along with letter from the Head of the Institution on the online portal","• AadhaarCopy of SSC/10th certificate & mark sheet,Copy of HSC/12th certificate (In
• case of Degree level) & mark sheet. Copy of ITI certificate (In case of Lateral Entry for Diploma level) & mark sheet. Copy of Diploma
• certificate (In case of Lateral Entry for Degree level) & mark sheet. Category Certificate, if applicable. Study/ Bonafide Certificate
• (Appendix
• I).Annual Family Income Certificate (Appendix
• II).Promotion Certificate in case of renewal (Appendix
• III).","Q: I Am Studying In 3rd Year Of Diploma/ Degree Course. Will I Get Saksham Scholarship?
A: No, you are not eligible. I Am Degree/Diploma Student And Recipient Of One Of The Merit Scholarships Of Centre / State Government.

Q: Am I Eligible To Apply For SAKSHAM Scholarship?
A: No, Students who are already in receipt of any of the scholarships (Central Govt. / State Govt. / AICTE Sponsored), are not eligible to apply for SAKSHAM Scholarship. I Am First Year B.E Student Along With Beneficiary Of PMSSS Scheme Studying In One Of The Leading Engineering College Having Eligibility For SAKSHAM Scholarship.

Q: Am I Eligible To Apply For SAKSHAM Scholarship?
A: No, you are not eligible, since you are already in receipt of one of the Scholarships of Government of India.

Q: What Is The Mode Of Disbursement Of Scholarship?
A: Scholarship will be disbursed only through Direct Benefit Transfer (DBT) in the bank account of the student by AICTE. Student must have General Saving Account in his / her name (FRILL/Minor/Joint account will not be accepted).

Q: Is AADHAAR Card A Mandatory Document For SAKSHAM Scholarship?
A: Yes, Aadhaar card and Aadhaar seeded bank account in the name of candidate is mandatory for submitting online application under SAKSHAM scheme. Is There Any E-Mail (Or) Helpline No.

Q: For SAKSHAM Scholarship Queries?
A: Yes, you can avail helpline services on saksham@aicte-india.org & 011-29581118 for any queryWhom To Contact In Case Of Any Difficulties In Accessing The Portal For Submitting Online Application

Q: SAKSHAM Scheme?
A: Followings may be the reasons: • Student is admitted in Non-Technical courses or Course is not approved by AICTE in the current academic year.
• University / Institute is not approved by the AICTE in the current academic year.
• Incomplete/Wrong information filled in submitted application. Page 3 of 6
• Student admitted in duel degree courses.
• Student is availing scholarship from any other sources.
• Student admitted in Post-graduate courses.
• Disability Certificate is not enclosed / Not issued by Competent Authority.

Q: What Are The Reasons Of Rejection Of Annual Family Income Certificate?
A: Followings may be the reasons: • Annual family income certificate of current year is not submitted.
• Annual family income certificate is not in the name of applicant or any his/her family member.
• Submitted Annual family income certificate issued by other than competent authority (Tehshildar, Magistrate, Revenue officer/Block Development officer etc.).
• Annual family income certificate submitted without signature/stamp of the competent authority.

Q: What Are The Reasons Of Rejection Of Promotion Certificate?
A: Followings may be the reasons
• Incomplete or blank promotion certificate submitted.
• Promotion certificate submitted without college's stamp or signature of the Principal / Director.

Q: What Are The Reasons Of Rejection Of HSC/SSC Certificate?
A: Followings may be the reasons: • Copy of HSC/SSC certificate is blurred.
• Copy of HSC/SSC certificate is not accessible.
• Copy of HSC/SSC is not in the name of applicant.
• Irrelevant Document attached in place of HSC/SSC.","Mode: OnlineStep 1: Keep ready the soft copies of the required documents. Go to http://www.scholarships.gov.in/. and click ""New Registration"".Guidelines for Registration will appear. Scroll to the bottom. Read carefully the undertaking. Accept the Terms. Click ""Continue"".Step 2: A Registration Form will appear. (The fields marked as * are compulsory) Fill in the details and click ""Register"". Your Application ID and password will be displayed. The same will also be sent as an SMS on your registered mobile number.Step 3: Go to https://scholarships.gov.in/fresh/newstdRegfrmInstruction Click on ""Login to Apply"". Enter your Application ID and password. Type the Captcha and click ""Login"".On the next screen, provide the OTP received on your registered mobile number. You will be directed to the Password Reset screen. Create a new password and confirm. Click ""Submit"". You will be directed to the ""Applicant's Dashboard"".Step 4: On the left pane, click ""Application Form"". The fields marked as * are compulsory. Fill the details and upload the documents. You can either click on ""Save as Draft"" to com",http://www.scholarships.gov.in/,https://www.myscheme.gov.in/schemes/sak-deg
